,name,rating,address,price_level,place,type,subtype,CP,latitude,longitude,geometry,price
0,Yelmo Cines Ideal,4.3,"Calle del Dr Cortezo, 6, 28012 Madrid, Spain",1.0,cinema,plan,culture,28012,40.4135301,-3.7038405,"{'type': 'Point', 'coordinates': [40.4135301, -3.7038405]}",1-15€
1,Cine Capitol,4.1,"C/ Gran Vía, 41, 28013 Madrid, Spain",1.0,cinema,plan,culture,28013,40.4204465,-3.7065821,"{'type': 'Point', 'coordinates': [40.4204465, -3.7065821]}",1-15€
2,Cines Verdi,4.3,"Calle de Bravo Murillo, 28, 28015 Madrid, Spain",1.0,cinema,plan,culture,28015,40.4365832,-3.7040072,"{'type': 'Point', 'coordinates': [40.4365832, -3.7040072]}",1-15€
3,Cines Renoir Princesa,4.1,"C. de la Princesa, 3, 28008 Madrid, Spain",1.0,cinema,plan,culture,28008,40.4250002,-3.7128577,"{'type': 'Point', 'coordinates': [40.4250002, -3.7128577]}",1-15€
4,Cine Yelmo Luxury Palafox,4.4,"Calle de Luchana, 15, 28010 Madrid, Spain",1.0,cinema,plan,culture,28010,40.4300857,-3.7008661,"{'type': 'Point', 'coordinates': [40.4300857, -3.7008661]}",1-15€
5,Artistic Metropol,4.5,"Calle de las Cigarreras, 6, 28005 Madrid, Spain",1.0,cinema,plan,culture,28005,40.4048458,-3.7074518,"{'type': 'Point', 'coordinates': [40.4048458, -3.7074518]}",1-15€
6,Cine Callao,4.2,"Plaza del Callao, 3, 28013 Madrid, Spain",1.0,cinema,plan,culture,28013,40.42006,-3.70618,"{'type': 'Point', 'coordinates': [40.42006, -3.70618]}",1-15€
7,Cine Doré,4.6,"Calle de Santa Isabel, 3, 28012 Madrid, Spain",1.0,cinema,plan,culture,28012,40.41164,-3.6989956,"{'type': 'Point', 'coordinates': [40.41164, -3.6989956]}",1-15€
8,Cines Embajadores,4.7,"Glorieta Sta. María de la Cabeza, 5, 28045 Madrid, Spain",1.0,cinema,plan,culture,28045,40.4008446,-3.6984882,"{'type': 'Point', 'coordinates': [40.4008446, -3.6984882]}",1-15€
9,Cibeles de Cine,4.7,"Plaza Cibeles, 1, 28014 Madrid, Spain",1.0,cinema,plan,culture,28014,40.4189339,-3.6921521,"{'type': 'Point', 'coordinates': [40.4189339, -3.6921521]}",1-15€
10,Cines Renoir Plaza de España,4.5,"Calle de Martín de los Heros, 12, 28008 Madrid, Spain",1.0,cinema,plan,culture,28008,40.4243792,-3.7133863,"{'type': 'Point', 'coordinates': [40.4243792, -3.7133863]}",1-15€
11,Cine Estudio del Circulo de Bellas Artes,4.6,"Calle del Marqués de Casa Riera, 4, 28014 Madrid, Spain",1.0,cinema,plan,culture,28014,40.4180606,-3.6962725,"{'type': 'Point', 'coordinates': [40.4180606, -3.6962725]}",1-15€
12,Cines Renoir Retiro,4.3,"C. de Narváez, 42, 28009 Madrid, Spain",1.0,cinema,plan,culture,28009,40.4200861,-3.6763452,"{'type': 'Point', 'coordinates': [40.4200861, -3.6763452]}",1-15€
13,Cine Yelmo,4.1,"Calle Calderilla, 1, 28054 Madrid, Spain",1.0,cinema,plan,culture,28054,40.36326589999999,-3.7390358,"{'type': 'Point', 'coordinates': [40.36326589999999, -3.7390358]}",1-15€
14,Palacio de la Prensa Cinema,4.1,"Plaza del Callao, 4, 28013 Madrid, Spain",1.0,cinema,plan,culture,28013,40.4204866,-3.7059346,"{'type': 'Point', 'coordinates': [40.4204866, -3.7059346]}",1-15€
15,Golem,4.5,"Calle de Martín de los Heros, 14, 28008 Madrid, Spain",1.0,cinema,plan,culture,28008,40.42467509999999,-3.7135633,"{'type': 'Point', 'coordinates': [40.42467509999999, -3.7135633]}",1-15€
16,Cineteca,4.5,"Plaza de Legazpi, 8, 28045 Madrid, Spain",1.0,cinema,plan,culture,28045,40.3917766,-3.6973165,"{'type': 'Point', 'coordinates': [40.3917766, -3.6973165]}",1-15€
17,Cine Lengaspi,3.3,"C/ Gran Vía, 31, 28013 Madrid, Spain",1.0,cinema,plan,culture,28013,40.4200676,-3.7039097,"{'type': 'Point', 'coordinates': [40.4200676, -3.7039097]}",1-15€
18,Cine De Verano,3.5,"28015 Madrid, Spain",1.0,cinema,plan,culture,28015,40.4275305,-3.7105548,"{'type': 'Point', 'coordinates': [40.4275305, -3.7105548]}",1-15€
19,Cine de verano de la Bombilla: FESCINAL,4.4,"Av. de Valladolid, SN, 28008 Madrid, Spain",1.0,cinema,plan,culture,28008,40.42668949999999,-3.7262515,"{'type': 'Point', 'coordinates': [40.42668949999999, -3.7262515]}",1-15€
20,Cine Paz,4.0,"Calle de Fuencarral, 125, 28010 Madrid, Spain",1.0,cinema,plan,culture,28010,40.430862,-3.703376,"{'type': 'Point', 'coordinates': [40.430862, -3.703376]}",1-15€
21,Sala Equis,4.5,"Calle del Duque de Alba, 4, 28012 Madrid, Spain",1.0,cinema,plan,culture,28012,40.4119851,-3.7057319,"{'type': 'Point', 'coordinates': [40.4119851, -3.7057319]}",1-15€
22,Small Film Studio,4.2,"C/ de Magallanes, 1, 28015 Madrid, Spain",1.0,cinema,plan,culture,28015,40.4324161,-3.7054156,"{'type': 'Point', 'coordinates': [40.4324161, -3.7054156]}",1-15€
23,Conde Duque Morasol Cinema,4.1,"Calle de Pradillo, 4, 6, 28002 Madrid, Spain",1.0,cinema,plan,culture,28002,40.4482325,-3.6757913,"{'type': 'Point', 'coordinates': [40.4482325, -3.6757913]}",1-15€
24,CINES RENOIR S.A.,0.0,"Cuesta de San Vicente, 4, 2, 28008 Madrid, Spain",1.0,cinema,plan,culture,28008,40.42179,-3.71369,"{'type': 'Point', 'coordinates': [40.42179, -3.71369]}",1-15€
25,IMAX Madrid,3.7,"Calle Meneses, 0, 28045 Madrid, Spain",1.0,cinema,plan,culture,28045,40.3919972,-3.6820532,"{'type': 'Point', 'coordinates': [40.3919972, -3.6820532]}",1-15€
26,Sala Berlanga,4.5,"C. de Andrés Mellado, 53, 28015 Madrid, Spain",1.0,cinema,plan,culture,28015,40.4359609,-3.7144645,"{'type': 'Point', 'coordinates': [40.4359609, -3.7144645]}",1-15€
27,Autocine Madrid RACE,4.3,"Calle de la Isla de Java, 2, 28034 Madrid, Spain",1.0,cinema,plan,culture,28034,40.4862166,-3.6777766,"{'type': 'Point', 'coordinates': [40.4862166, -3.6777766]}",1-15€
28,Kinépolis Ciudad de la Imagen,4.5,"Calle Edgar Neville, s/n, 28223 Madrid, Spain",1.0,cinema,plan,culture,28223,40.3938727,-3.79677,"{'type': 'Point', 'coordinates': [40.3938727, -3.79677]}",1-15€
29,Alphaville,5.0,"Calle de Martín de los Heros, 14, 28008 Madrid, Spain",1.0,cinema,plan,culture,28008,40.4247033,-3.7136954,"{'type': 'Point', 'coordinates': [40.4247033, -3.7136954]}",1-15€
30,Mujeres de Cine,0.0,"Plaza del Callao, 1, 509, 28013 Madrid, Spain",1.0,cinema,plan,culture,28013,40.4198066,-3.7061094,"{'type': 'Point', 'coordinates': [40.4198066, -3.7061094]}",1-15€
31,mk2 Ice Palace,4.1,"Centro Comercial Palacio de Hielo, Calle de Silvano, 77, 28043 Madrid, Spain",1.0,cinema,plan,culture,28043,40.4631031,-3.6369464,"{'type': 'Point', 'coordinates': [40.4631031, -3.6369464]}",1-15€
32,Cinesa Manoteras 3D,4.0,"Av. de Manoteras, 40, 28050 Madrid, Spain",1.0,cinema,plan,culture,28050,40.48606660000001,-3.6656367,"{'type': 'Point', 'coordinates': [40.48606660000001, -3.6656367]}",1-15€
33,mk2 institut français madrid,4.4,"Calle del Marqués de la Ensenada, 10, 28043 Madrid, Spain",1.0,cinema,plan,culture,28043,40.4245587,-3.692346699999999,"{'type': 'Point', 'coordinates': [40.4245587, -3.692346699999999]}",1-15€
34,La Vaguada cines,3.8,"Calle de Santiago de Compostela, S/N, 28029 Madrid, Spain",1.0,cinema,plan,culture,28029,40.4800527,-3.707578,"{'type': 'Point', 'coordinates': [40.4800527, -3.707578]}",1-15€
35,Cine Benot,4.6,"Calle de Eduardo Benot, 2, 28008 Madrid, Spain",1.0,cinema,plan,culture,28008,40.4220744,-3.718224599999999,"{'type': 'Point', 'coordinates': [40.4220744, -3.718224599999999]}",1-15€
36,Conde Duque Cinema,3.8,"Calle de Sta Engracia, 132, 28003 Madrid, Spain",1.0,cinema,plan,culture,28003,40.4426682,-3.7018614,"{'type': 'Point', 'coordinates': [40.4426682, -3.7018614]}",1-15€
37,Cine Conde Duque VERDI Alberto Aguilera,3.9,"Calle de Alberto Aguilera, 4, 28015 Madrid, Spain",1.0,cinema,plan,culture,28015,40.4299926,-3.706534999999999,"{'type': 'Point', 'coordinates': [40.4299926, -3.706534999999999]}",1-15€
38,Mk2 Sunset Cinema,0.0,"Calle del Almte., 5, 28004 Madrid, Spain",1.0,cinema,plan,culture,28004,40.4226998,-3.695032,"{'type': 'Point', 'coordinates': [40.4226998, -3.695032]}",1-15€
39,CINESA Méndez Álvaro 3D,4.1,"Calle Acanto, 2, 28045 Madrid, Spain",1.0,cinema,plan,culture,28045,40.3969456,-3.6758854,"{'type': 'Point', 'coordinates': [40.3969456, -3.6758854]}",1-15€
40,Yelmo Cines,4.1,"Calle de Aracne, s / n, 28022 Madrid, Spain",1.0,cinema,plan,culture,28022,40.4469616,-3.5866253,"{'type': 'Point', 'coordinates': [40.4469616, -3.5866253]}",1-15€
41,Cinesa,4.2,"Estación Príncipe Pío, Paseo de la Florida, 2, 28008 Madrid, Spain",1.0,cinema,plan,culture,28008,40.4228682,-3.7212829,"{'type': 'Point', 'coordinates': [40.4228682, -3.7212829]}",1-15€
42,CINESA 3D ROSAS,4.0,"Av. de Guadalajara, 2, 28032 Madrid, Spain",1.0,cinema,plan,culture,28032,40.4186006,-3.620441599999999,"{'type': 'Point', 'coordinates': [40.4186006, -3.620441599999999]}",1-15€
43,All Cinema. all Dominican,3.0,"Paseo de la Castellana, 30, 28046 Madrid, Spain",1.0,cinema,plan,culture,28046,40.4315396,-3.6882957,"{'type': 'Point', 'coordinates': [40.4315396, -3.6882957]}",1-15€
44,Cinesa Proyecciones,4.2,"Calle de Fuencarral, 136, 28001 Madrid, Spain",1.0,cinema,plan,culture,28001,40.4314921,-3.703207399999999,"{'type': 'Point', 'coordinates': [40.4314921, -3.703207399999999]}",1-15€
45,Film Artesiete Alcalá,4.1,"Calle de Alcalá, 414, 2ª planta, Local 1-2, 28027 Madrid, Spain",1.0,cinema,plan,culture,28027,40.4365995,-3.6377453,"{'type': 'Point', 'coordinates': [40.4365995, -3.6377453]}",1-15€
46,Torco,4.0,"C. de la Princesa, 10, 28008 Madrid, Spain",1.0,cinema,plan,culture,28008,40.4256119,-3.7123904,"{'type': 'Point', 'coordinates': [40.4256119, -3.7123904]}",1-15€
47,Cinesa Luxe,4.3,"Av. de Europa, 13, 28108 Alcobendas, Madrid, Spain",1.0,cinema,plan,culture,28108,40.5186034,-3.655265899999999,"{'type': 'Point', 'coordinates': [40.5186034, -3.655265899999999]}",1-15€
48,Academia De Cine -,3.5,"Calle de Zurbano, 3, 28010 Madrid, Spain",1.0,cinema,plan,culture,28010,40.4274712,-3.6938907,"{'type': 'Point', 'coordinates': [40.4274712, -3.6938907]}",1-15€
49,Kinépolis Madrid Diversia,4.2,"C.C. Heron Diversia, Av. de Bruselas, 21, 28108 Alcobendas, Madrid, Spain",1.0,cinema,plan,culture,28108,40.5300823,-3.639672399999999,"{'type': 'Point', 'coordinates': [40.5300823, -3.639672399999999]}",1-15€
50,CINESA LA GAVIA 3D,4.1,"Calle Adolfo Bioy Casares, 2, 28051 Madrid, Spain",1.0,cinema,plan,culture,28051,40.3689056,-3.598754,"{'type': 'Point', 'coordinates': [40.3689056, -3.598754]}",1-15€
51,Cine Inmersivo - Desafío Total,4.6,"Kinepolis, Calle Edgar Neville, 28223 Madrid, Spain",1.0,cinema,plan,culture,28223,40.3943626,-3.7983148,"{'type': 'Point', 'coordinates': [40.3943626, -3.7983148]}",1-15€
52,Solar de Antonio Grilo - Cine de Verano,5.0,"Barrio de Malasaña Solar de Antonio Grilo No. 8 - entre Mostenses y, Calle de San Bernardo, Madrid, Spain",1.0,cinema,plan,culture,,40.42352590000001,-3.7080259,"{'type': 'Point', 'coordinates': [40.42352590000001, -3.7080259]}",1-15€
53,Odeon Multicines Sambil,4.6,"28917 Leganés, Madrid, Spain",1.0,cinema,plan,culture,28917,40.3600804,-3.776750399999999,"{'type': 'Point', 'coordinates': [40.3600804, -3.776750399999999]}",1-15€
54,El Ojo Cojo,2.1,"Calle de los Tres Peces, 32, 28012 Madrid, Spain",1.0,cinema,plan,culture,28012,40.4107961,-3.6990795,"{'type': 'Point', 'coordinates': [40.4107961, -3.6990795]}",1-15€
55,Madrid Producciones method S.L.,5.0,"Calle del Gral. Palanca, 38, 28045 Madrid, Spain",1.0,cinema,plan,culture,28045,40.3991503,-3.6950646,"{'type': 'Point', 'coordinates': [40.3991503, -3.6950646]}",1-15€
56,Huaorani Films,5.0,"Plaza de los Mostenses, 13, 28015 Madrid, Spain",1.0,cinema,plan,culture,28015,40.4233184,-3.7086485,"{'type': 'Point', 'coordinates': [40.4233184, -3.7086485]}",1-15€
57,Cine 4D,3.4,"Paseo de la Venta, 66, 28011 Madrid, Spain",1.0,cinema,plan,culture,28011,40.4121962,-3.7512087,"{'type': 'Point', 'coordinates': [40.4121962, -3.7512087]}",1-15€
58,Cinesa Parquesur & IMAX,4.5,"Parquesur Shopping Center Avenida de Gran Bretaña 28916, Madrid, Spain",1.0,cinema,plan,culture,28916,40.3390157,-3.736052699999999,"{'type': 'Point', 'coordinates': [40.3390157, -3.736052699999999]}",1-15€
59,Cine Yelmo,4.2,"Plaza del Comercio, 11-12, 28703 San Sebastián de los Reyes, Madrid, Spain",1.0,cinema,plan,culture,28703,40.5410924,-3.6157151,"{'type': 'Point', 'coordinates': [40.5410924, -3.6157151]}",1-15€
60,Museo de Historia de Madrid,4.4,"Calle de Fuencarral, 78, 28004 Madrid, Spain",2.0,museum,plan,culture,28004,40.4257773,-3.7008315,"{'type': 'Point', 'coordinates': [40.4257773, -3.7008315]}",15-25€
61,Museum of the Americas,4.4,"Av. de los Reyes Católicos, 6, 28040 Madrid, Spain",2.0,museum,plan,culture,28040,40.4383189,-3.7219663,"{'type': 'Point', 'coordinates': [40.4383189, -3.7219663]}",15-25€
62,Naval Museum,4.5,"Paseo del Prado, 3, 28014 Madrid, Spain",2.0,museum,plan,culture,28014,40.4177611,-3.6927336,"{'type': 'Point', 'coordinates': [40.4177611, -3.6927336]}",15-25€
63,Sorolla Museum,4.7,"Paseo del General Martínez Campos, 37, 28010 Madrid, Spain",2.0,museum,plan,culture,28010,40.4354306,-3.6925053,"{'type': 'Point', 'coordinates': [40.4354306, -3.6925053]}",15-25€
64,National Archaeological Museum,4.7,"Calle de Serrano, 13, 28001 Madrid, Spain",2.0,museum,plan,culture,28001,40.423553,-3.689402,"{'type': 'Point', 'coordinates': [40.423553, -3.689402]}",15-25€
65,The Robot Museum,4.2,"Centro Comercial ABC Serrano - C, Calle de Serrano, 61, 28006 Madrid, Spain",2.0,museum,plan,culture,28006,40.4322143,-3.6869647,"{'type': 'Point', 'coordinates': [40.4322143, -3.6869647]}",15-25€
66,Museo del Romanticismo,4.5,"Calle de San Mateo, 13, 28004 Madrid, Spain",2.0,museum,plan,culture,28004,40.4258364,-3.6988403,"{'type': 'Point', 'coordinates': [40.4258364, -3.6988403]}",15-25€
67,Museo Nacional Centro de Arte Reina Sofía,4.5,"Calle de Santa Isabel, 52, 28012 Madrid, Spain",2.0,museum,plan,culture,28012,40.4079123,-3.6945569,"{'type': 'Point', 'coordinates': [40.4079123, -3.6945569]}",15-25€
68,Thyssen-Bornemisza Museum,4.6,"Paseo del Prado, 8, 28014 Madrid, Spain",2.0,museum,plan,culture,28014,40.4160406,-3.6949254,"{'type': 'Point', 'coordinates': [40.4160406, -3.6949254]}",15-25€
69,Cerralbo Museum,4.6,"C. de Ventura Rodríguez, 17, 28008 Madrid, Spain",2.0,museum,plan,culture,28008,40.423764,-3.714541,"{'type': 'Point', 'coordinates': [40.423764, -3.714541]}",15-25€
70,Museo de Arte Contemporáneo,4.2,"Calle del Conde Duque, 9, 28015 Madrid, Spain",2.0,museum,plan,culture,28015,40.4267367,-3.7111614,"{'type': 'Point', 'coordinates': [40.4267367, -3.7111614]}",15-25€
71,Museo de San Isidro,4.5,"Plaza de San Andrés, 2, 28005 Madrid, Spain",2.0,museum,plan,culture,28005,40.4121475,-3.7110023,"{'type': 'Point', 'coordinates': [40.4121475, -3.7110023]}",15-25€
72,Museo Nacional de Artes Decorativas,4.2,"Calle de Montalbán, 12, 28014 Madrid, Spain",2.0,museum,plan,culture,28014,40.4179119,-3.6898167,"{'type': 'Point', 'coordinates': [40.4179119, -3.6898167]}",15-25€
73,House-Museum of Lope de Vega,4.5,"Calle de Cervantes, 11, 28014 Madrid, Spain",2.0,museum,plan,culture,28014,40.4143821,-3.6974563,"{'type': 'Point', 'coordinates': [40.4143821, -3.6974563]}",15-25€
74,Museo Nacional de Ciencias Naturales,4.4,"Calle de José Gutiérrez Abascal, 2, 28006 Madrid, Spain",2.0,museum,plan,culture,28006,40.4409237,-3.689709299999999,"{'type': 'Point', 'coordinates': [40.4409237, -3.689709299999999]}",15-25€
75,Museo Lázaro Galdiano,4.7,"Calle de Serrano, 122, 28006 Madrid, Spain",2.0,museum,plan,culture,28006,40.4369187,-3.6857512,"{'type': 'Point', 'coordinates': [40.4369187, -3.6857512]}",15-25€
76,Museo Arte Público,4.2,"Paseo de la Castellana, 40, 28046 Madrid, Spain",2.0,museum,plan,culture,28046,40.4332603,-3.6875647,"{'type': 'Point', 'coordinates': [40.4332603, -3.6875647]}",15-25€
77,Museo Nacional del Prado,4.7,"Calle de Ruiz de Alarcón, 23, 28014 Madrid, Spain",2.0,museum,plan,culture,28014,40.4137818,-3.6921271,"{'type': 'Point', 'coordinates': [40.4137818, -3.6921271]}",15-25€
78,Museo del Aire,4.7,"Autovía, A-5, 28024 Madrid, Spain",2.0,museum,plan,culture,28024,40.3649476,-3.804266299999999,"{'type': 'Point', 'coordinates': [40.3649476, -3.804266299999999]}",15-25€
79,Museo ABC,4.3,"Calle de Amaniel, 29, 28015 Madrid, Spain",2.0,museum,plan,culture,28015,40.4276904,-3.7095701,"{'type': 'Point', 'coordinates': [40.4276904, -3.7095701]}",15-25€
80,Museo Tiflológico de la ONCE,4.6,"C/ de la Coruña, 18, 28020 Madrid, Spain",2.0,museum,plan,culture,28020,40.455263,-3.7002702,"{'type': 'Point', 'coordinates': [40.455263, -3.7002702]}",15-25€
81,Museo Casa de la Moneda,4.5,"Calle del Dr. Esquerdo, 36, 28028 Madrid, Spain",2.0,museum,plan,culture,28028,40.4226314,-3.669189199999999,"{'type': 'Point', 'coordinates': [40.4226314, -3.669189199999999]}",15-25€
82,Museo de las Ilusiones Madrid,4.2,"Calle del Dr Cortezo, 8, 28012 Madrid, Spain",2.0,museum,plan,culture,28012,40.4134667,-3.7038901,"{'type': 'Point', 'coordinates': [40.4134667, -3.7038901]}",15-25€
83,MUMA. Museum of Tanks,4.8,"Unnamed Road, 28049, 28049, Madrid, Spain",2.0,museum,plan,culture,28049,40.5556022,-3.7093851,"{'type': 'Point', 'coordinates': [40.5556022, -3.7093851]}",15-25€
84,Museum of Almudena Cathedral,4.5,"Calle de la Almudena, S/N, 28013 Madrid, Spain",2.0,museum,plan,culture,28013,40.4154901,-3.7137236,"{'type': 'Point', 'coordinates': [40.4154901, -3.7137236]}",15-25€
85,Museo del Ferrocarril de Madrid,4.4,"Paseo de las Delicias, 61, 28045 Madrid, Spain",2.0,museum,plan,culture,28045,40.3987474,-3.691463699999999,"{'type': 'Point', 'coordinates': [40.3987474, -3.691463699999999]}",15-25€
86,Museo del Traje,3.9,"Av. Juan de Herrera, 2, 28040 Madrid, Spain",2.0,museum,plan,culture,28040,40.4401359,-3.7286858,"{'type': 'Point', 'coordinates': [40.4401359, -3.7286858]}",15-25€
87,Museo Geominero,4.6,"Calle de Ríos Rosas, 23, 28003 Madrid, Spain",2.0,museum,plan,culture,28003,40.442645,-3.69965,"{'type': 'Point', 'coordinates': [40.442645, -3.69965]}",15-25€
88,Museum of Illusions,3.9,"Calle del Dr Cortezo, 8, 28012 Madrid, Spain",2.0,museum,plan,culture,28012,40.4134667,-3.7038901,"{'type': 'Point', 'coordinates': [40.4134667, -3.7038901]}",15-25€
89,Museo Taurino de Madrid,4.2,"Calle de Alcalá, 237, 28028 Madrid, Spain",2.0,museum,plan,culture,28028,40.4329957,-3.6632793,"{'type': 'Point', 'coordinates': [40.4329957, -3.6632793]}",15-25€
90,Museum of Arts and Popular Traditions,4.3,"Calle de Carlos Arniches, 3, 5, 28005 Madrid, Spain",2.0,museum,plan,culture,28005,40.4088489,-3.708233099999999,"{'type': 'Point', 'coordinates': [40.4088489, -3.708233099999999]}",15-25€
91,Palacio Real de Madrid,5.0,"Calle de Bailén, 4, 28013 Madrid, Spain",2.0,museum,plan,culture,28013,40.4181889,-3.7135925,"{'type': 'Point', 'coordinates': [40.4181889, -3.7135925]}",15-25€
92,Museo de Antropología,4.3,"Calle de Alfonso XII, 68, 28014 Madrid, Spain",2.0,museum,plan,culture,28014,40.4076679,-3.6889752,"{'type': 'Point', 'coordinates': [40.4076679, -3.6889752]}",15-25€
93,Imprenta Municipal - Artes del Libro,4.5,"28012, Calle de Concepción Jerónima, 15, 28012 Madrid, Spain",2.0,museum,plan,culture,28012,40.4138972,-3.7054722,"{'type': 'Point', 'coordinates': [40.4138972, -3.7054722]}",15-25€
94,Royal Armoury of Madrid,4.7,"Royal Palace of Madrid, Calle de Bailén, s/n, 28013 Madrid, Spain",2.0,museum,plan,culture,28013,40.4168523,-3.7152658,"{'type': 'Point', 'coordinates': [40.4168523, -3.7152658]}",15-25€
95,Royal Collections Museum,2.6,"Cuesta de La Vega, 28005 Madrid, Spain",2.0,museum,plan,culture,28005,40.4144314,-3.7158854,"{'type': 'Point', 'coordinates': [40.4144314, -3.7158854]}",15-25€
96,"Museum of Anatomy ""Javier Puerta""",4.2,"Facultad de Medicina de UCM, Departamento de Anatomía Humana y Embriología I, Ciudad Universitaria, s/n, 28040 Madrid, Spain",2.0,museum,plan,culture,28040,40.44455809999999,-3.7240129,"{'type': 'Point', 'coordinates': [40.44455809999999, -3.7240129]}",15-25€
97,Museo de los Caños del Peral,4.2,"Metro Ópera, Plaza de Isabel II, 8, 28013 Madrid, Spain",2.0,museum,plan,culture,28013,40.4181355,-3.7089925,"{'type': 'Point', 'coordinates': [40.4181355, -3.7089925]}",15-25€
98,Museum of the National Library,4.5,"Paseo de Recoletos, 20, 22, 28001 Madrid, Spain",2.0,museum,plan,culture,28001,40.4227499,-3.6909589,"{'type': 'Point', 'coordinates': [40.4227499, -3.6909589]}",15-25€
99,Contemporary Sculpture Collection Renfe,4.0,"Calle de Santa Isabel, 44, 28012 Madrid, Spain",2.0,museum,plan,culture,28012,40.40991169999999,-3.6970753,"{'type': 'Point', 'coordinates': [40.40991169999999, -3.6970753]}",15-25€
100,Museo ICO,4.5,"Calle de Zorrilla, 3, 28014 Madrid, Spain",2.0,museum,plan,culture,28014,40.4168275,-3.6977867,"{'type': 'Point', 'coordinates': [40.4168275, -3.6977867]}",15-25€
101,Museo de Cera,3.9,"Plaza de Colón, 1, 28001 Madrid, Spain",2.0,museum,plan,culture,28001,40.4250641,-3.6914088,"{'type': 'Point', 'coordinates': [40.4250641, -3.6914088]}",15-25€
102,Escultura de Dan Graham. Pabellon Daca. Jardin Edificio Sabatini. Museo Reina Sofia de Madrid.,0.0,"28012 Madrid, Spain",2.0,museum,plan,culture,28012,40.4082026,-3.694802,"{'type': 'Point', 'coordinates': [40.4082026, -3.694802]}",15-25€
103,Museum Velázquez tech,4.4,"C. de Atocha, 12, 28012 Madrid, Spain",2.0,museum,plan,culture,28012,40.4144457,-3.7045909,"{'type': 'Point', 'coordinates': [40.4144457, -3.7045909]}",15-25€
104,National Museum of Science and Technology,4.6,"Calle del Pintor Velázquez, 5, 28100 Alcobendas, Madrid, Spain",2.0,museum,plan,culture,28100,40.5375439,-3.6414533,"{'type': 'Point', 'coordinates': [40.5375439, -3.6414533]}",15-25€
105,El Sol de la Puerta del Sol. Madrid,5.0,"Calle de Alcalá, 3, 28014 Madrid, Spain",2.0,museum,plan,culture,28014,40.4171961,-3.7022308,"{'type': 'Point', 'coordinates': [40.4171961, -3.7022308]}",15-25€
106,El Casón del Buen Retiro,4.4,"Calle de Alfonso XII, 28, 28014 Madrid, Spain",2.0,museum,plan,culture,28014,40.4152817,-3.6896006,"{'type': 'Point', 'coordinates': [40.4152817, -3.6896006]}",15-25€
107,Railway museum,4.5,"Calle de Tomás Bretón, 47E, 28045 Madrid, Spain",2.0,museum,plan,culture,28045,40.3994098,-3.6921392,"{'type': 'Point', 'coordinates': [40.3994098, -3.6921392]}",15-25€
108,El Gabinete's Living Room,0.0,"Calle de la Victoria, 9, 7, 28012 Madrid, Spain",2.0,museum,plan,culture,28012,40.4158775,-3.7015551,"{'type': 'Point', 'coordinates': [40.4158775, -3.7015551]}",15-25€
109,Reproduction of the cave of Altamira in the MAN,4.1,"Calle de Serrano, 13, 28001 Madrid, Spain",2.0,museum,plan,culture,28001,40.4232789,-3.6888541,"{'type': 'Point', 'coordinates': [40.4232789, -3.6888541]}",15-25€
110,Arte Canal Exhibition Center,4.5,"Paseo de la Castellana, 214, 28046 Madrid, Spain",2.0,museum,plan,culture,28046,40.4636363,-3.688921199999999,"{'type': 'Point', 'coordinates': [40.4636363, -3.688921199999999]}",15-25€
111,Hall of Realms,4.4,"Calle de Méndez Núñez, 4, 28014 Madrid, Spain",2.0,museum,plan,culture,28014,40.4157888,-3.6903201,"{'type': 'Point', 'coordinates': [40.4157888, -3.6903201]}",15-25€
112,Street Art,0.0,"Travesía del Almendro, 9, 1, 28005 Madrid, Spain",2.0,museum,plan,culture,28005,40.4128908,-3.7085822,"{'type': 'Point', 'coordinates': [40.4128908, -3.7085822]}",15-25€
113,Bonsai Museum,4.4,"Av. Olímpica, S/N, 28100 Alcobendas, Madrid, Spain",2.0,museum,plan,culture,28100,40.536739,-3.630508,"{'type': 'Point', 'coordinates': [40.536739, -3.630508]}",15-25€
114,PASADIZO (ARTE AL CUBO),1.0,"Unnamed Road, 28008, Madrid, Spain",2.0,museum,plan,culture,28008,40.42507519999999,-3.7130081,"{'type': 'Point', 'coordinates': [40.42507519999999, -3.7130081]}",15-25€
115,Edificio antiguo hotel Paris,5.0,"Puerta del Sol, 2, 28014 Madrid, Spain",2.0,museum,plan,culture,28014,40.4169664,-3.702171,"{'type': 'Point', 'coordinates': [40.4169664, -3.702171]}",15-25€
116,Museum Cuatro Vientos,4.7,"Museo, Madrid, Spain",2.0,museum,plan,culture,,40.3660736,-3.8036143,"{'type': 'Point', 'coordinates': [40.3660736, -3.8036143]}",15-25€
117,The Grassy Clock and Watch Museum,4.3,"C/ Gran Vía, 1, 28013 Madrid, Spain",2.0,museum,plan,culture,28013,40.4190679,-3.6977302,"{'type': 'Point', 'coordinates': [40.4190679, -3.6977302]}",15-25€
118,Exposiciones temporales Museo Thyssen,4.0,"Plaza de las Cortes, 3, 28014 Madrid, Spain",2.0,museum,plan,culture,28014,40.4163155,-3.6949585,"{'type': 'Point', 'coordinates': [40.4163155, -3.6949585]}",15-25€
119,Red de San Luis. Madrid,5.0,"Calle de la Montera, 48, 28013 Madrid, Spain",2.0,museum,plan,culture,28013,40.4198367,-3.7013058,"{'type': 'Point', 'coordinates': [40.4198367, -3.7013058]}",15-25€
120,Teatro Infanta Isabel,4.2,"Calle del Barquillo, 24, 28004 Madrid, Spain",,theatre,plan,culture,28004,40.4222474,-3.6955395,"{'type': 'Point', 'coordinates': [40.4222474, -3.6955395]}",More than 50€
121,Teatro Lara,4.4,"Corredera Baja de San Pablo, 15, 28004 Madrid, Spain",,theatre,plan,culture,28004,40.422096,-3.704428,"{'type': 'Point', 'coordinates': [40.422096, -3.704428]}",More than 50€
122,Teatro Amaya,4.2,"Paseo del General Martínez Campos, 9, 28010 Madrid, Spain",,theatre,plan,culture,28010,40.4351273,-3.6970375,"{'type': 'Point', 'coordinates': [40.4351273, -3.6970375]}",More than 50€
123,Fígaro Theater,4.1,"Calle del Dr Cortezo, 5, 28012 Madrid, Spain",,theatre,plan,culture,28012,40.413462,-3.703701,"{'type': 'Point', 'coordinates': [40.413462, -3.703701]}",More than 50€
124,Teatro Rialto,4.4,"C/ Gran Vía, 54, 28013 Madrid, Spain",,theatre,plan,culture,28013,40.421345,-3.707230999999999,"{'type': 'Point', 'coordinates': [40.421345, -3.707230999999999]}",More than 50€
125,Teatro Español,4.6,"Plaza Santa Ana, C. del Príncipe, 25, 28014 Madrid, Spain",,theatre,plan,culture,28014,40.4149459,-3.7001863,"{'type': 'Point', 'coordinates': [40.4149459, -3.7001863]}",More than 50€
126,Teatro Maravillas Madrid,4.2,"C. de Manuela Malasaña, 6, 28004 Madrid, Spain",,theatre,plan,culture,28004,40.4287637,-3.7030711,"{'type': 'Point', 'coordinates': [40.4287637, -3.7030711]}",More than 50€
127,Teatros del Canal,4.5,"Calle de Cea Bermúdez, 1, 28003 Madrid, Spain",,theatre,plan,culture,28003,40.43827900000001,-3.7051836,"{'type': 'Point', 'coordinates': [40.43827900000001, -3.7051836]}",More than 50€
128,Teatro Calderón,4.3,"C. de Atocha, 18, 28012 Madrid, Spain",,theatre,plan,culture,28012,40.4140434,-3.7034966,"{'type': 'Point', 'coordinates': [40.4140434, -3.7034966]}",More than 50€
129,Teatro EDP Gran Vía,4.2,"C/ Gran Vía, 66, 28013 Madrid, Spain",,theatre,plan,culture,28013,40.4224263,-3.7088222,"{'type': 'Point', 'coordinates': [40.4224263, -3.7088222]}",More than 50€
130,Cofidis Alcázar Theater,4.2,"Calle de Alcalá, 20, 28014 Madrid, Spain",,theatre,plan,culture,28014,40.4177414,-3.6990771,"{'type': 'Point', 'coordinates': [40.4177414, -3.6990771]}",More than 50€
131,Teatros Luchana,4.4,"Calle de Luchana, 38, 28010 Madrid, Spain",,theatre,plan,culture,28010,40.4318815,-3.698257399999999,"{'type': 'Point', 'coordinates': [40.4318815, -3.698257399999999]}",More than 50€
132,Teatro Príncipe Gran Vía,4.2,"Calle de las Tres Cruces, 8, 28013 Madrid, Spain",,theatre,plan,culture,28013,40.4194965,-3.7026678,"{'type': 'Point', 'coordinates': [40.4194965, -3.7026678]}",More than 50€
133,Teatro del Barrio,4.6,"Calle de Zurita, 20, 28012 Madrid, Spain",,theatre,plan,culture,28012,40.4096082,-3.6992066,"{'type': 'Point', 'coordinates': [40.4096082, -3.6992066]}",More than 50€
134,Reina Victoria Theater,4.3,"Carrera de S. Jerónimo, 24, 28014 Madrid, Spain",,theatre,plan,culture,28014,40.4164844,-3.699844199999999,"{'type': 'Point', 'coordinates': [40.4164844, -3.699844199999999]}",More than 50€
135,Teatro de la Comedia,4.6,"C. del Príncipe, 14, 28012 Madrid, Spain",,theatre,plan,culture,28012,40.4155336,-3.7003923,"{'type': 'Point', 'coordinates': [40.4155336, -3.7003923]}",More than 50€
136,Teatro María Guerrero,4.6,"Calle de Tamayo y Baus, 4, 28004 Madrid, Spain",,theatre,plan,culture,28004,40.4228892,-3.6929763,"{'type': 'Point', 'coordinates': [40.4228892, -3.6929763]}",More than 50€
137,Teatro Alfil,4.4,"Calle del Pez, 10, 28004 Madrid, Spain",,theatre,plan,culture,28004,40.42318,-3.70452,"{'type': 'Point', 'coordinates': [40.42318, -3.70452]}",More than 50€
138,Teatro Real,4.6,"Plaza de Isabel II, s/n, 28013 Madrid, Spain",,theatre,plan,culture,28013,40.418299,-3.710578,"{'type': 'Point', 'coordinates': [40.418299, -3.710578]}",More than 50€
139,Teatro Coliseum,4.5,"C/ Gran Vía, 78, 28013 Madrid, Spain",,theatre,plan,culture,28013,40.423283,-3.710127,"{'type': 'Point', 'coordinates': [40.423283, -3.710127]}",More than 50€
140,Nuevo Teatro Alcalá,4.4,"Calle de Jorge Juan, 62, 28009 Madrid, Spain",,theatre,plan,culture,28009,40.4233852,-3.6782642,"{'type': 'Point', 'coordinates': [40.4233852, -3.6782642]}",More than 50€
141,Teatro Lope de Vega,4.5,"C/ Gran Vía, 57, 28013 Madrid, Spain",,theatre,plan,culture,28013,40.4217904,-3.7086924,"{'type': 'Point', 'coordinates': [40.4217904, -3.7086924]}",More than 50€
142,Fourth Wall Theatre,4.5,"Calle de Ercilla, 17, 28005 Madrid, Spain",,theatre,plan,culture,28005,40.4027033,-3.7026025,"{'type': 'Point', 'coordinates': [40.4027033, -3.7026025]}",More than 50€
143,Teatro La Latina,4.2,"Plaza de la Cebada, 2, 28005 Madrid, Spain",,theatre,plan,culture,28005,40.4114334,-3.7087451,"{'type': 'Point', 'coordinates': [40.4114334, -3.7087451]}",More than 50€
144,Teatro Valle-Inclán,4.5,"Calle de Valencia, 1, 28012 Madrid, Spain",,theatre,plan,culture,28012,40.4082278,-3.7005027,"{'type': 'Point', 'coordinates': [40.4082278, -3.7005027]}",More than 50€
145,Teatro de La Abadía,4.6,"Calle de Fernández de los Ríos, 42, 28015 Madrid, Spain",,theatre,plan,culture,28015,40.4353016,-3.709429399999999,"{'type': 'Point', 'coordinates': [40.4353016, -3.709429399999999]}",More than 50€
146,Teatro Arlequín Gran Vía,4.1,"Calle de San Bernardo, 5, 28013 Madrid, Spain",,theatre,plan,culture,28013,40.4211739,-3.7082049,"{'type': 'Point', 'coordinates': [40.4211739, -3.7082049]}",More than 50€
147,𝗧𝗲𝗮𝘁𝗿𝗼 𝗙𝗹𝗮𝗺𝗲𝗻𝗰𝗼 𝗠𝗮𝗱𝗿𝗶𝗱 | Espectáculo Flamenco | Espectáculos en Madrid,4.6,"Calle del Pez, 10, 28004 Madrid, Spain",,theatre,plan,culture,28004,40.4232579,-3.704502,"{'type': 'Point', 'coordinates': [40.4232579, -3.704502]}",More than 50€
148,Teatro Soho Club,4.2,"Plaza de España, 6, 28013 Madrid, Spain",,theatre,plan,culture,28013,40.422586,-3.7119272,"{'type': 'Point', 'coordinates': [40.422586, -3.7119272]}",More than 50€
149,Teatro Galileo,4.3,"Calle de Galileo, 39, 28015 Madrid, Spain",,theatre,plan,culture,28015,40.4337637,-3.7104918,"{'type': 'Point', 'coordinates': [40.4337637, -3.7104918]}",More than 50€
150,La Estación Gran Teatro Caixabank Príncipe Pío,4.3,"Cuesta de San Vicente, 44, 28008 Madrid, Spain",,theatre,plan,culture,28008,40.4208869,-3.718805,"{'type': 'Point', 'coordinates': [40.4208869, -3.718805]}",More than 50€
151,Teseo,4.5,"Ronda de Segovia, 61, 28005 Madrid, Spain",,theatre,plan,culture,28005,40.4085014,-3.7158973,"{'type': 'Point', 'coordinates': [40.4085014, -3.7158973]}",More than 50€
152,Fine Arts Theatre,4.2,"Calle del Marqués de Casa Riera, 2, 28014 Madrid, Spain",,theatre,plan,culture,28014,40.4183333,-3.6963889,"{'type': 'Point', 'coordinates': [40.4183333, -3.6963889]}",More than 50€
153,Teatro de la Zarzuela,4.6,"Calle de Jovellanos, 4, 28014 Madrid, Spain",,theatre,plan,culture,28014,40.4171895,-3.6969903,"{'type': 'Point', 'coordinates': [40.4171895, -3.6969903]}",More than 50€
154,Nave 73,4.5,"Calle de Palos de la Frontera, 5, 28012 Madrid, Spain",,theatre,plan,culture,28012,40.403159,-3.698737,"{'type': 'Point', 'coordinates': [40.403159, -3.698737]}",More than 50€
155,Madrid Studio Theatre,4.9,"Calle Cardenal Solís, 5, 28012 Madrid, Spain",,theatre,plan,culture,28012,40.4023154,-3.6993389,"{'type': 'Point', 'coordinates': [40.4023154, -3.6993389]}",More than 50€
156,Teatro Marquina,4.4,"Calle de Prim, 11, 28004 Madrid, Spain",,theatre,plan,culture,28004,40.4219662,-3.6937277,"{'type': 'Point', 'coordinates': [40.4219662, -3.6937277]}",More than 50€
157,Teatro Victoria,4.3,"Calle del Pez, 17, 28004 Madrid, Spain",,theatre,plan,culture,28004,40.4237442,-3.7055247,"{'type': 'Point', 'coordinates': [40.4237442, -3.7055247]}",More than 50€
158,Nueve Norte,4.5,"Calle del Norte, 9, 28015 Madrid, Spain",,theatre,plan,culture,28015,40.426073,-3.707569,"{'type': 'Point', 'coordinates': [40.426073, -3.707569]}",More than 50€
159,Pequeño Teatro Gran Vía,4.3,"C/ Gran Vía, 66, 28013 Madrid, Spain",,theatre,plan,culture,28013,40.42241629999999,-3.708937199999999,"{'type': 'Point', 'coordinates': [40.42241629999999, -3.708937199999999]}",More than 50€
160,Teatro Off La Latina,4.4,"Calle de los Mancebos, 4, 28005 Madrid, Spain",,theatre,plan,culture,28005,40.412046,-3.711973,"{'type': 'Point', 'coordinates': [40.412046, -3.711973]}",More than 50€
161,Teatro Pradillo,4.2,"Calle de Pradillo, 12, 28002 Madrid, Spain",,theatre,plan,culture,28002,40.4485727,-3.674621499999999,"{'type': 'Point', 'coordinates': [40.4485727, -3.674621499999999]}",More than 50€
162,Teatro Tribueñe,4.4,"Calle de Sancho Dávila, 31, 28028 Madrid, Spain",,theatre,plan,culture,28028,40.425557,-3.661564,"{'type': 'Point', 'coordinates': [40.425557, -3.661564]}",More than 50€
163,Teatro maravillas,4.1,"Calle de Echegaray, 1, 28014 Madrid, Spain",,theatre,plan,culture,28014,40.4164538,-3.6995308,"{'type': 'Point', 'coordinates': [40.4164538, -3.6995308]}",More than 50€
164,Teatro San Pol,4.4,"Calle de San Pol de Mar, 1, 28008 Madrid, Spain",,theatre,plan,culture,28008,40.4239998,-3.7270849,"{'type': 'Point', 'coordinates': [40.4239998, -3.7270849]}",More than 50€
165,Réplika Teatro,4.7,"Calle Explanada, 14, 28040 Madrid, Spain",,theatre,plan,culture,28040,40.4482151,-3.7117966,"{'type': 'Point', 'coordinates': [40.4482151, -3.7117966]}",More than 50€
166,Teatro Novedades,0.0,"Calle de Toledo, 83, 28005 Madrid, Spain",,theatre,plan,culture,28005,40.410134,-3.709187,"{'type': 'Point', 'coordinates': [40.410134, -3.709187]}",More than 50€
167,https://madridesteatro.com,0.0,"Calle de Ibiza, 18, 5º d, 28009 Madrid, Spain",,theatre,plan,culture,28009,40.4181321,-3.676601099999999,"{'type': 'Point', 'coordinates': [40.4181321, -3.676601099999999]}",More than 50€
168,SOJO Laboratorio Teatral,4.6,"Calle de San Isidoro de Sevilla, 2, 28005 Madrid, Spain",,theatre,plan,culture,28005,40.4044994,-3.7121572,"{'type': 'Point', 'coordinates': [40.4044994, -3.7121572]}",More than 50€
169,Teatro Muñoz Seca,4.2,"Plaza del Carmen, 1, 28013 Madrid, Spain",,theatre,plan,culture,28013,40.418373,-3.703189,"{'type': 'Point', 'coordinates': [40.418373, -3.703189]}",More than 50€
170,Sala AZarte,4.3,"Calle de San Marcos, 19, 28004 Madrid, Spain",,theatre,plan,culture,28004,40.42141669999999,-3.6983519,"{'type': 'Point', 'coordinates': [40.42141669999999, -3.6983519]}",More than 50€
171,Escuela de Teatro PLOT POINT - obras de teatro y alquiler salas,4.7,"Calle de Ercilla, 29, 28005 Madrid, Spain",,theatre,plan,culture,28005,40.401971,-3.702038,"{'type': 'Point', 'coordinates': [40.401971, -3.702038]}",More than 50€
172,Federación de Grupos de Teatro Aficionado Amateur de la C.A.M.,0.0,"Plaza de España, 6, 28008 Madrid, Spain",,theatre,plan,culture,28008,40.4224938,-3.7120689,"{'type': 'Point', 'coordinates': [40.4224938, -3.7120689]}",More than 50€
173,Sala Mirador,4.5,"Calle del Dr. Fourquet, 31, 28012 Madrid, Spain",,theatre,plan,culture,28012,40.40704240000001,-3.6988561,"{'type': 'Point', 'coordinates': [40.40704240000001, -3.6988561]}",More than 50€
174,Teatro Karpas,4.4,"Calle de Santa Isabel, 19, 28012 Madrid, Spain",,theatre,plan,culture,28012,40.410462,-3.697682,"{'type': 'Point', 'coordinates': [40.410462, -3.697682]}",More than 50€
175,Microteatro Por Dinero,4.6,"Calle de Loreto y Chicote, 9, 28004 Madrid, Spain",,theatre,plan,culture,28004,40.4215369,-3.7040616,"{'type': 'Point', 'coordinates': [40.4215369, -3.7040616]}",More than 50€
176,Sala Tarambana,4.5,"Calle Dolores Armengot, 31, 28025 Madrid, Spain",,theatre,plan,culture,28025,40.3858213,-3.7432511,"{'type': 'Point', 'coordinates': [40.3858213, -3.7432511]}",More than 50€
177,Las Aguas Theater,4.2,"Calle de las Aguas, 8, 28005 Madrid, Spain",,theatre,plan,culture,28005,40.410867,-3.7122535,"{'type': 'Point', 'coordinates': [40.410867, -3.7122535]}",More than 50€
178,"The Laundry, School of Theatre and Performing Arts",4.7,"C/ de Magallanes, 23, 28015 Madrid, Spain",,theatre,plan,culture,28015,40.4353319,-3.7057573,"{'type': 'Point', 'coordinates': [40.4353319, -3.7057573]}",More than 50€
179,Teatro Corral Cervantes,4.1,"Parque Madrid Río, Crystal Palace of Arganzuela, frente al, Paseo de la Chopera, s/n, Madrid, Spain",,theatre,plan,culture,,40.3940136,-3.699816999999999,"{'type': 'Point', 'coordinates': [40.3940136, -3.699816999999999]}",More than 50€
180,Jazz Bar,4.5,"C. de Moratín, 35, 28014 Madrid, Spain",2.0,jazz,plan,culture,28014,40.4125735,-3.6958959,"{'type': 'Point', 'coordinates': [40.4125735, -3.6958959]}",15-25€
181,El Junco Jazz,4.3,"Plaza de Sta. Bárbara, 10, 28004 Madrid, Spain",2.0,jazz,plan,culture,28004,40.4263524,-3.6963631,"{'type': 'Point', 'coordinates': [40.4263524, -3.6963631]}",15-25€
182,Café Central,4.2,"Plaza del Ángel, 10, 28012 Madrid, Spain",2.0,jazz,plan,culture,28012,40.4141868,-3.701869599999999,"{'type': 'Point', 'coordinates': [40.4141868, -3.701869599999999]}",15-25€
183,The Jungle Jazz Club,4.2,"Calle de Jorge Juan, 20, 28001 Madrid, Spain",4.0,jazz,plan,culture,28001,40.4237394,-3.6851584,"{'type': 'Point', 'coordinates': [40.4237394, -3.6851584]}",More than 50€
184,Clamores,4.2,"Calle de Alburquerque, 14, 28010 Madrid, Spain",2.0,jazz,plan,culture,28010,40.431118,-3.7009577,"{'type': 'Point', 'coordinates': [40.431118, -3.7009577]}",15-25€
185,Moe,4.1,"Av. de Alberto de Alcocer, 32, 28036 Madrid, Spain",2.0,jazz,plan,culture,28036,40.4583984,-3.6828651,"{'type': 'Point', 'coordinates': [40.4583984, -3.6828651]}",15-25€
186,Recoletos Jazz,0.0,"Calle de Recoletos, 18, 28001 Madrid, Spain",2.0,jazz,plan,culture,28001,40.4214878,-3.6894872,"{'type': 'Point', 'coordinates': [40.4214878, -3.6894872]}",15-25€
187,Intruso Bar,4.2,"Calle de Augusto Figueroa, 3, 28004 Madrid, Spain",2.0,jazz,plan,culture,28004,40.4231123,-3.7002265,"{'type': 'Point', 'coordinates': [40.4231123, -3.7002265]}",15-25€
188,Café El Despertar,4.1,"Calle de la Torrecilla del Leal, 18, 28012 Madrid, Spain",1.0,jazz,plan,culture,28012,40.41080789999999,-3.6995308,"{'type': 'Point', 'coordinates': [40.41080789999999, -3.6995308]}",1-15€
189,La Coquette,4.6,"Calle de las Hileras, 14, 28013 Madrid, Spain",2.0,jazz,plan,culture,28013,40.4177289,-3.7075658,"{'type': 'Point', 'coordinates': [40.4177289, -3.7075658]}",15-25€
190,Café Berlín,4.3,"C, Costanilla de los Ángeles, 20, 28013 Madrid, Spain",2.0,jazz,plan,culture,28013,40.4195885,-3.707943,"{'type': 'Point', 'coordinates': [40.4195885, -3.707943]}",15-25€
191,Barco,4.0,"Calle del Barco, 34, 28004 Madrid, Spain",2.0,jazz,plan,culture,28004,40.4232058,-3.7022359,"{'type': 'Point', 'coordinates': [40.4232058, -3.7022359]}",15-25€
192,Tempo Club,4.0,"Calle Duque de Osuna, 8, 28015 Madrid, Spain",2.0,jazz,plan,culture,28015,40.425275,-3.711892,"{'type': 'Point', 'coordinates': [40.425275, -3.711892]}",15-25€
193,Smooth Hot Jazz,5.0,"Calle de López de Hoyos, 42, 28006 Madrid, Spain",2.0,jazz,plan,culture,28006,40.4399404,-3.6809834,"{'type': 'Point', 'coordinates': [40.4399404, -3.6809834]}",15-25€
194,JazzVille,4.3,"C. de Jesús Aprendiz, 19, 28007 Madrid, Spain",1.0,jazz,plan,culture,28007,40.4097636,-3.6709719,"{'type': 'Point', 'coordinates': [40.4097636, -3.6709719]}",1-15€
195,Amazonico Jazz Club,4.1,"Calle de Jorge Juan, 20, 28001 Madrid, Spain",4.0,jazz,plan,culture,28001,40.4237285,-3.685041,"{'type': 'Point', 'coordinates': [40.4237285, -3.685041]}",More than 50€
196,Sala Soul,3.4,"Cuesta de Sto. Domingo, 22, 28013 Madrid, Spain",2.0,jazz,plan,culture,28013,40.4196879,-3.7084304,"{'type': 'Point', 'coordinates': [40.4196879, -3.7084304]}",15-25€
197,Danny's Jazz,4.3,"C. del Dr. Ramón Castroviejo, 63, 28035 Madrid, Spain",1.0,jazz,plan,culture,28035,40.4736132,-3.723625,"{'type': 'Point', 'coordinates': [40.4736132, -3.723625]}",1-15€
198,Little ROSE Madrid,4.6,"C. de Moratín, 16, 28014 Madrid, Spain",1.0,jazz,plan,culture,28014,40.4123677,-3.6967889,"{'type': 'Point', 'coordinates': [40.4123677, -3.6967889]}",1-15€
199,Clazz Latin Jazz Festival,4.2,"Calle de Cea Bermúdez, 1, 28003 Madrid, Spain",2.0,jazz,plan,culture,28003,40.4381752,-3.7051994,"{'type': 'Point', 'coordinates': [40.4381752, -3.7051994]}",15-25€
200,Casa Pueblo,4.4,"Calle del León, 3, 28014 Madrid, Spain",1.0,jazz,plan,culture,28014,40.4146076,-3.6985476,"{'type': 'Point', 'coordinates': [40.4146076, -3.6985476]}",1-15€
201,Patisserie Y Bar Cine-Jazz,0.0,"Calle de Ventura de la Vega, 28014 Madrid, Spain",2.0,jazz,plan,culture,28014,40.4158174,-3.698942599999999,"{'type': 'Point', 'coordinates': [40.4158174, -3.698942599999999]}",15-25€
202,La Noche En Vivo,4.6,"Plaza de los Mostenses, 7, 28015 Madrid, Spain",2.0,jazz,plan,culture,28015,40.4236185,-3.708589,"{'type': 'Point', 'coordinates': [40.4236185, -3.708589]}",15-25€
203,Blanco y Negro Studio,0.0,"Calle de Valverde, 10, 28004 Madrid, Spain",2.0,jazz,plan,culture,28004,40.421128,-3.701994099999999,"{'type': 'Point', 'coordinates': [40.421128, -3.701994099999999]}",15-25€
204,Smooth Hot Jazz,5.0,"Calle de López de Hoyos, 42, 28001 Madrid, Spain",2.0,jazz,plan,culture,28001,40.4399404,-3.6809834,"{'type': 'Point', 'coordinates': [40.4399404, -3.6809834]}",15-25€
205,Animal Jazz ~ Escuela de baile y canto Swing en Madrid,5.0,"Calle del Dr. Fourquet, 17, 28012 Madrid, Spain",2.0,jazz,plan,culture,28012,40.4075344,-3.6970864,"{'type': 'Point', 'coordinates': [40.4075344, -3.6970864]}",15-25€
206,Café La Palma,4.1,"28015, Calle de la Palma, 62, 28015 Madrid, Spain",2.0,jazz,plan,culture,28015,40.4268379,-3.708014,"{'type': 'Point', 'coordinates': [40.4268379, -3.708014]}",15-25€
207,JAZZYMAS.COM,4.8,"Calle de la Palma, 28, 28004 Madrid, Spain",2.0,jazz,plan,culture,28004,40.4263396,-3.7043464,"{'type': 'Point', 'coordinates': [40.4263396, -3.7043464]}",15-25€
208,JAZZ,0.0,"Paseo de la Castellana, 86, 28046 Madrid, Spain",2.0,jazz,plan,culture,28046,40.4427867,-3.6908309,"{'type': 'Point', 'coordinates': [40.4427867, -3.6908309]}",15-25€
209,El Juglar,4.1,"Calle de Lavapiés, 37, 28012 Madrid, Spain",2.0,jazz,plan,culture,28012,40.4097139,-3.702099999999999,"{'type': 'Point', 'coordinates': [40.4097139, -3.702099999999999]}",15-25€
210,Spanish jazz Carlos Sir Charles González,5.0,"Calle de los Dos Amigos, 3, 28015 Madrid, Spain",2.0,jazz,plan,culture,28015,40.4246187,-3.7102339,"{'type': 'Point', 'coordinates': [40.4246187, -3.7102339]}",15-25€
211,Blackbird Rock Bar,4.4,"Calle de las Huertas, 22, 28014 Madrid, Spain",2.0,jazz,plan,culture,28014,40.413687,-3.69963,"{'type': 'Point', 'coordinates': [40.413687, -3.69963]}",15-25€
212,Big Mama Swing,4.9,"Calle de Sebastián Elcano, 12, 28012 Madrid, Spain",2.0,jazz,plan,culture,28012,40.4043683,-3.700028499999999,"{'type': 'Point', 'coordinates': [40.4043683, -3.700028499999999]}",15-25€
213,Rincón del Arte Nuevo,3.6,"Calle de Segovia, 17, 28005 Madrid, Spain",2.0,jazz,plan,culture,28005,40.4138035,-3.7123399,"{'type': 'Point', 'coordinates': [40.4138035, -3.7123399]}",15-25€
214,"Clases de piano, Armonía moderna, Jazz, Blues, Boogie-Woogie, Clásico.",5.0,"Paseo de Santa María de la Cabeza, 63, 28045 Madrid, Spain",2.0,jazz,plan,culture,28045,40.399746,-3.6997719,"{'type': 'Point', 'coordinates': [40.399746, -3.6997719]}",15-25€
215,The Maderfaker,4.3,"Calle de San Vicente Ferrer, 17, 28004 Madrid, Spain",2.0,jazz,plan,culture,28004,40.4255567,-3.7027155,"{'type': 'Point', 'coordinates': [40.4255567, -3.7027155]}",15-25€
216,Jazz Colecciones,5.0,"Paseo del General Martínez Campos, 23, 28010 Madrid, Spain",2.0,jazz,plan,culture,28010,40.435193,-3.6953176,"{'type': 'Point', 'coordinates': [40.435193, -3.6953176]}",15-25€
217,Danny's jazz,4.5,"Calle de la Isla de Oza, 38, 28035 Madrid, Spain",1.0,jazz,plan,culture,28035,40.4646567,-3.7250993,"{'type': 'Point', 'coordinates': [40.4646567, -3.7250993]}",1-15€
218,Fun House,4.4,"Calle de Palafox, 8, 28010 Madrid, Spain",2.0,jazz,plan,culture,28010,40.4313726,-3.7011393,"{'type': 'Point', 'coordinates': [40.4313726, -3.7011393]}",15-25€
219,El 14 RockBar,4.4,"Calle del Conde Duque, 14, 28015 Madrid, Spain",2.0,jazz,plan,culture,28015,40.426401,-3.7110621,"{'type': 'Point', 'coordinates': [40.426401, -3.7110621]}",15-25€
220,Sol & Sombra Bar,3.3,"Calle de Echegaray, 18, 28005 Madrid, Spain",2.0,jazz,plan,culture,28005,40.415222,-3.69965,"{'type': 'Point', 'coordinates': [40.415222, -3.69965]}",15-25€
221,Escuela de Música Creativa,4.1,"Calle de la Palma, 35, 28004 Madrid, Spain",2.0,jazz,plan,culture,28004,40.4263358,-3.704477599999999,"{'type': 'Point', 'coordinates': [40.4263358, -3.704477599999999]}",15-25€
222,Hangar 48,3.6,"Calle de Bailén, 24, 28005 Madrid, Spain",2.0,jazz,plan,culture,28005,40.41139630000001,-3.7140411,"{'type': 'Point', 'coordinates': [40.41139630000001, -3.7140411]}",15-25€
223,Crisser Jazz,4.0,"Av de la Fuente Nueva, 8, 28700 San Sebastián de los Reyes, Madrid, Spain",1.0,jazz,plan,culture,28700,40.5489699,-3.6148767,"{'type': 'Point', 'coordinates': [40.5489699, -3.6148767]}",1-15€
224,Centro de Cultura Contemporánea Condeduque,4.4,"Calle del Conde Duque, 11, 28015 Madrid, Spain",2.0,jazz,plan,culture,28015,40.4274072,-3.7107195,"{'type': 'Point', 'coordinates': [40.4274072, -3.7107195]}",15-25€
225,El Imperfecto,4.2,"Plaza de Matute, 2, 28012 Madrid, Spain",1.0,jazz,plan,culture,28012,40.4136833,-3.6997222,"{'type': 'Point', 'coordinates': [40.4136833, -3.6997222]}",1-15€
226,Restaurante Amazonico,4.3,"C. Jorge Juan, 20, 28001 Madrid, Spain",4.0,jazz,plan,culture,28001,40.4237431,-3.6851287,"{'type': 'Point', 'coordinates': [40.4237431, -3.6851287]}",More than 50€
227,Don Viriato Jazz Food,0.0,"Calle de Orense, 8, 28020 Madrid, Spain",2.0,jazz,plan,culture,28020,40.4509488,-3.6946951,"{'type': 'Point', 'coordinates': [40.4509488, -3.6946951]}",15-25€
228,AC Hotel by Marriott Recoletos,4.4,"Calle de Recoletos, 18, 28001 Madrid, Spain",2.0,jazz,plan,culture,28001,40.42144649999999,-3.6895566,"{'type': 'Point', 'coordinates': [40.42144649999999, -3.6895566]}",15-25€
229,National Music Auditorium,4.7,"Calle del Príncipe de Vergara, 146, 28002 Madrid, Spain",2.0,jazz,plan,culture,28002,40.445905,-3.6776944,"{'type': 'Point', 'coordinates': [40.445905, -3.6776944]}",15-25€
230,""" D'Ambra Dance Project "" Escuela de Danzas Orientales y Jazz - Funky",5.0,"Calle de Montesa, 43, 28006 Madrid, Spain",2.0,jazz,plan,culture,28006,40.430664,-3.672469,"{'type': 'Point', 'coordinates': [40.430664, -3.672469]}",15-25€
231,Fernán Gómez Centro Cultural de la Villa,4.4,"Plaza de Colón, 4, 28001 Madrid, Spain",2.0,jazz,plan,culture,28001,40.42463300000001,-3.6898599,"{'type': 'Point', 'coordinates': [40.42463300000001, -3.6898599]}",15-25€
232,Calvario bar,4.5,"Calle del Calvario, 16, 28012 Madrid, Spain",1.0,jazz,plan,culture,28012,40.4114707,-3.7020732,"{'type': 'Point', 'coordinates': [40.4114707, -3.7020732]}",1-15€
233,MARKETING-JAZZ,5.0,"Calle de Huelva, 16, 28108 Alcobendas, Madrid, Spain",2.0,jazz,plan,culture,28108,40.5402784,-3.6509684,"{'type': 'Point', 'coordinates': [40.5402784, -3.6509684]}",15-25€
234,Woodside Jazz - Escuela de baile Swing,0.0,"Paseo de los Melancólicos, 11, 28005 Madrid, Spain",2.0,jazz,plan,culture,28005,40.4091421,-3.71866,"{'type': 'Point', 'coordinates': [40.4091421, -3.71866]}",15-25€
235,"CLASES DE CANTO LÍRICO, TEATRO MUSICAL, JAZZ , POP...",0.0,"Calle de Ferraz, 77, 28008 Madrid, Spain",2.0,jazz,plan,culture,28008,40.4320864,-3.723247,"{'type': 'Point', 'coordinates': [40.4320864, -3.723247]}",15-25€
236,Félix Santos Guindel,0.0,"Calle de Gutierre de Cetina, 5, 28017 Madrid, Spain",2.0,jazz,plan,culture,28017,40.4343187,-3.6444435,"{'type': 'Point', 'coordinates': [40.4343187, -3.6444435]}",15-25€
237,Paolo by Danny's Jazz,4.4,"Plaza de Puerta Cerrada, 6, 28005 Madrid, Spain",2.0,jazz,plan,culture,28005,40.4136438,-3.7086208,"{'type': 'Point', 'coordinates': [40.4136438, -3.7086208]}",15-25€
238,Big South,4.9,"Calle del Laurel, 14, 28005 Madrid, Spain",2.0,jazz,plan,culture,28005,40.4028187,-3.7048682,"{'type': 'Point', 'coordinates': [40.4028187, -3.7048682]}",15-25€
239,Taller de Músicos y Artes Plásticas,5.0,"Calle Luis Vives, 3, 28002 Madrid, Spain",2.0,jazz,plan,culture,28002,40.4437912,-3.676686,"{'type': 'Point', 'coordinates': [40.4437912, -3.676686]}",15-25€
240,Autocine Madrid RACE,4.3,"Calle de la Isla de Java, 2, 28034 Madrid, Spain",,drive-in cinema,plan,culture,28034,40.4862166,-3.6777766,"{'type': 'Point', 'coordinates': [40.4862166, -3.6777766]}",More than 50€
241,Toni 2 Piano Bar,4.3,"Calle del Almte., 9, 28004 Madrid, Spain",2.0,piano bar,plan,culture,28004,40.4226339,-3.6947675,"{'type': 'Point', 'coordinates': [40.4226339, -3.6947675]}",15-25€
242,Fun House,4.4,"Calle de Palafox, 8, 28010 Madrid, Spain",1.0,piano bar,plan,culture,28010,40.4313726,-3.7011393,"{'type': 'Point', 'coordinates': [40.4313726, -3.7011393]}",1-15€
243,El amante.,3.8,"Calle de Santiago, 3, 28013 Madrid, Spain",1.0,piano bar,plan,culture,28013,40.4161059,-3.709917099999999,"{'type': 'Point', 'coordinates': [40.4161059, -3.709917099999999]}",1-15€
244,Cien por Cien Madrid,4.2,"Calle de la Santísima Trinidad, 30, 28010 Madrid, Spain",1.0,piano bar,plan,culture,28010,40.4378861,-3.700825,"{'type': 'Point', 'coordinates': [40.4378861, -3.700825]}",1-15€
245,Barbarum Lounge Cafe,3.7,"C. de Churruca, 21, 28004 Madrid, Spain",1.0,piano bar,plan,culture,28004,40.42815119999999,-3.7012563,"{'type': 'Point', 'coordinates': [40.42815119999999, -3.7012563]}",1-15€
246,La Noche Boca Arriba,4.3,"Calle del Salitre, 30, 28012 Madrid, Spain",1.0,piano bar,plan,culture,28012,40.4092907,-3.698823599999999,"{'type': 'Point', 'coordinates': [40.4092907, -3.698823599999999]}",1-15€
247,RÈVER Pub cabaret,4.1,"Calle de Manuel Silvela, 6, 28010 Madrid, Spain",2.0,piano bar,plan,culture,28010,40.429158,-3.698416,"{'type': 'Point', 'coordinates': [40.429158, -3.698416]}",15-25€
248,Clubbers Tour,2.9,"Calle de la Cruz, 33, 28012 Madrid, Spain",1.0,piano bar,plan,culture,28012,40.4157732,-3.7038293,"{'type': 'Point', 'coordinates': [40.4157732, -3.7038293]}",1-15€
249,ELBACKSTAGE CLUB ROCKANROLL,4.3,"Calle de Sta. Teresa, 14, 28004 Madrid, Spain",1.0,piano bar,plan,culture,28004,40.4253412,-3.695319399999999,"{'type': 'Point', 'coordinates': [40.4253412, -3.695319399999999]}",1-15€
250,Wild Thing Bar,4.4,"Calle del Padre Claret, 28002 Madrid, Spain",1.0,piano bar,plan,culture,28002,40.4484687,-3.6639807,"{'type': 'Point', 'coordinates': [40.4484687, -3.6639807]}",1-15€
251,Little ROSE Madrid,4.6,"C. de Moratín, 16, 28014 Madrid, Spain",1.0,piano bar,plan,culture,28014,40.4123677,-3.6967889,"{'type': 'Point', 'coordinates': [40.4123677, -3.6967889]}",1-15€
252,Fotomatón Bar,4.2,"Plaza Conde de Toreno, 2, 28015 Madrid, Spain",1.0,piano bar,plan,culture,28015,40.4244784,-3.7094109,"{'type': 'Point', 'coordinates': [40.4244784, -3.7094109]}",1-15€
253,Drink Disco Bar,3.3,"Calle del Marqués de Viana, 81, 28039 Madrid, Spain",1.0,piano bar,plan,culture,28039,40.463424,-3.7040395,"{'type': 'Point', 'coordinates': [40.463424, -3.7040395]}",1-15€
254,El Tirano de Malasaña,4.4,"Calle de la Palma, 25, 28004 Madrid, Spain",1.0,piano bar,plan,culture,28004,40.4261655,-3.7033305,"{'type': 'Point', 'coordinates': [40.4261655, -3.7033305]}",1-15€
255,Blackbird Rock Bar,4.4,"Calle de las Huertas, 22, 28014 Madrid, Spain",2.0,piano bar,plan,culture,28014,40.413687,-3.69963,"{'type': 'Point', 'coordinates': [40.413687, -3.69963]}",15-25€
256,Peter's Bar Salsa,4.0,"Calle de López de Hoyos, 327, 28033 Madrid, Spain",1.0,piano bar,plan,culture,28033,40.4636135,-3.6582054,"{'type': 'Point', 'coordinates': [40.4636135, -3.6582054]}",1-15€
257,Lucy In The Sky Club,4.2,"Calle de San Vicente Ferrer, 55, 28015 Madrid, Spain",1.0,piano bar,plan,culture,28015,40.4261175,-3.7078297,"{'type': 'Point', 'coordinates': [40.4261175, -3.7078297]}",1-15€
258,LA PASA GIN BAR Pub,4.4,"Calle de las Huertas, 9, 28012 Madrid, Spain",1.0,piano bar,plan,culture,28012,40.4140557,-3.7007958,"{'type': 'Point', 'coordinates': [40.4140557, -3.7007958]}",1-15€
259,Bar Terraza Motown,4.3,"Calle de Fermín Caballero, 7, posterior, 28034 Madrid, Spain",1.0,piano bar,plan,culture,28034,40.4867025,-3.6998345,"{'type': 'Point', 'coordinates': [40.4867025, -3.6998345]}",1-15€
260,Garage Bar Madrid,0.0,"Calle de Carvajales, 6, 28005 Madrid, Spain",1.0,piano bar,plan,culture,28005,40.3998967,-3.7021588,"{'type': 'Point', 'coordinates': [40.3998967, -3.7021588]}",1-15€
261,sacame por dios,3.7,"Calle de Hernán Cortés, 21, 28004 Madrid, Spain",1.0,piano bar,plan,culture,28004,40.4233581,-3.699338,"{'type': 'Point', 'coordinates': [40.4233581, -3.699338]}",1-15€
262,COLLAGE DRINKS & ARTS,4.2,"Calle de los Mancebos, 2, 28005 Madrid, Spain",1.0,piano bar,plan,culture,28005,40.4121064,-3.711817999999999,"{'type': 'Point', 'coordinates': [40.4121064, -3.711817999999999]}",1-15€
263,MALABOCA GARDEN CLUB,4.2,"Calle de Juan Bravo, 25, 28006 Madrid, Spain",1.0,piano bar,plan,culture,28006,40.4328186,-3.6804474,"{'type': 'Point', 'coordinates': [40.4328186, -3.6804474]}",1-15€
264,Café Libertad 8,4.4,"Calle de la Libertad, 8, 28004 Madrid, Spain",1.0,piano bar,plan,culture,28004,40.4207511,-3.6973232,"{'type': 'Point', 'coordinates': [40.4207511, -3.6973232]}",1-15€
265,La Parranda,4.7,"Calle de Sta. María, 42, 28014 Madrid, Spain",1.0,piano bar,plan,culture,28014,40.4126119,-3.6962934,"{'type': 'Point', 'coordinates': [40.4126119, -3.6962934]}",1-15€
266,Tramontana,4.0,"C/ del Alcalde Sainz de Baranda, 51, 28009 Madrid, Spain",1.0,piano bar,plan,culture,28009,40.4168089,-3.6712864,"{'type': 'Point', 'coordinates': [40.4168089, -3.6712864]}",1-15€
267,Freeway,4.1,"Calle de San Vicente Ferrer, 7, 28004 Madrid, Spain",2.0,piano bar,plan,culture,28004,40.425471,-3.701964,"{'type': 'Point', 'coordinates': [40.425471, -3.701964]}",15-25€
268,The Room Madrid,3.8,"Calle de la Cruz, 33, 28012 Madrid, Spain",1.0,piano bar,plan,culture,28012,40.4149178,-3.702538,"{'type': 'Point', 'coordinates': [40.4149178, -3.702538]}",1-15€
269,TNT Heavy Rock Bar,4.3,"Calle de Gaztambide, 26, 28015 Madrid, Spain",1.0,piano bar,plan,culture,28015,40.4341196,-3.7152464,"{'type': 'Point', 'coordinates': [40.4341196, -3.7152464]}",1-15€
270,La Ofrenda,3.8,"Calle del Infante, 3, 28014 Madrid, Spain",1.0,piano bar,plan,culture,28014,40.414277,-3.6991869,"{'type': 'Point', 'coordinates': [40.414277, -3.6991869]}",1-15€
271,Moloko Sound Club,4.3,"Calle de Quiñones, 12, 28015 Madrid, Spain",1.0,piano bar,plan,culture,28015,40.4275171,-3.708056599999999,"{'type': 'Point', 'coordinates': [40.4275171, -3.708056599999999]}",1-15€
272,Hipócritas Bar Teatro,4.7,"Calle de Alfonso VI, nº 4, 28005 Madrid, Spain",1.0,piano bar,plan,culture,28005,40.4132255,-3.712158,"{'type': 'Point', 'coordinates': [40.4132255, -3.712158]}",1-15€
273,"Marta, Cariño!",4.0,"Calle de Silva, 4, 28013 Madrid, Spain",2.0,piano bar,plan,culture,28013,40.4206332,-3.7076313,"{'type': 'Point', 'coordinates': [40.4206332, -3.7076313]}",15-25€
274,Club Thirty One,0.0,"Calle del Olmo, 31, 28012 Madrid, Spain",1.0,piano bar,plan,culture,28012,40.4116858,-3.6998301,"{'type': 'Point', 'coordinates': [40.4116858, -3.6998301]}",1-15€
275,Discoteca New One Madrid,3.3,"28037, Av. de la Institución Libre de Enseñanza, 11, 28037 Madrid, Spain",1.0,piano bar,plan,culture,28037,40.437104,-3.637096999999999,"{'type': 'Point', 'coordinates': [40.437104, -3.637096999999999]}",1-15€
276,Bar de copas M.A.,4.5,"Calle Vencejo, nº 2, Local, 28025 Madrid, Spain",1.0,piano bar,plan,culture,28025,40.3872339,-3.7423465,"{'type': 'Point', 'coordinates': [40.3872339, -3.7423465]}",1-15€
277,Casa Pueblo,4.4,"Calle del León, 3, 28014 Madrid, Spain",1.0,piano bar,plan,culture,28014,40.4146076,-3.6985476,"{'type': 'Point', 'coordinates': [40.4146076, -3.6985476]}",1-15€
278,Dime que me Quieres,4.2,"Av. de Pablo Iglesias, 6, 28003 Madrid, Spain",1.0,piano bar,plan,culture,28003,40.4434844,-3.7054584,"{'type': 'Point', 'coordinates': [40.4434844, -3.7054584]}",1-15€
279,de TAMARINDO,4.3,"Calle de Loreto y Chicote, 7, 28004 Madrid, Spain",1.0,piano bar,plan,culture,28004,40.421477,-3.703929999999999,"{'type': 'Point', 'coordinates': [40.421477, -3.703929999999999]}",1-15€
280,Sala Elitte,4.2,"Calle de Lagasca, 103, 28006 Madrid, Spain",1.0,piano bar,plan,culture,28006,40.4341875,-3.6845872,"{'type': 'Point', 'coordinates': [40.4341875, -3.6845872]}",1-15€
281,La Ventura,4.0,"Av. Oporto, 80, 28019 Madrid, Spain",2.0,piano bar,plan,culture,28019,40.3865547,-3.7280872,"{'type': 'Point', 'coordinates': [40.3865547, -3.7280872]}",15-25€
282,My mother was a groupie,4.1,"Calle de Sta. Polonia, 5, 28014 Madrid, Spain",2.0,piano bar,plan,culture,28014,40.4126802,-3.6974323,"{'type': 'Point', 'coordinates': [40.4126802, -3.6974323]}",15-25€
283,The Malavida Bar,4.6,"Calle de Maqueda, 16, 28024 Madrid, Spain",1.0,piano bar,plan,culture,28024,40.3940505,-3.766324,"{'type': 'Point', 'coordinates': [40.3940505, -3.766324]}",1-15€
284,El Feo Chico,4.3,"Calle de Covarrubias, 21, 28010 Madrid, Spain",1.0,piano bar,plan,culture,28010,40.4304402,-3.6979491,"{'type': 'Point', 'coordinates': [40.4304402, -3.6979491]}",1-15€
285,Texola Club Rock,4.9,"Av. Oporto, 38, 28019 Madrid, Spain",1.0,piano bar,plan,culture,28019,40.3859832,-3.7243301,"{'type': 'Point', 'coordinates': [40.3859832, -3.7243301]}",1-15€
286,Café Doré,4.5,"Calle de la Torrecilla del Leal, 9, 28012 Madrid, Spain",1.0,piano bar,plan,culture,28012,40.411108,-3.6994169,"{'type': 'Point', 'coordinates': [40.411108, -3.6994169]}",1-15€
287,Edén de Huertas Bar de Copas y Cachimbas,4.7,"Calle de las Huertas, 67, 28014 Madrid, Spain",1.0,piano bar,plan,culture,28014,40.41320959999999,-3.695893299999999,"{'type': 'Point', 'coordinates': [40.41320959999999, -3.695893299999999]}",1-15€
288,Shalaura Madrid,3.9,"Calle del Gral. Pardiñas, 112, 28006 Madrid, Spain",1.0,piano bar,plan,culture,28006,40.436196,-3.677616,"{'type': 'Point', 'coordinates': [40.436196, -3.677616]}",1-15€
289,Blackmail Bar Madrid,4.5,"C/ del Alcalde Sainz de Baranda, 57, 28009 Madrid, Spain",1.0,piano bar,plan,culture,28009,40.4168169,-3.6706029,"{'type': 'Point', 'coordinates': [40.4168169, -3.6706029]}",1-15€
290,Berlín Cabaret,3.5,"Costanilla de San Pedro, 11, 28005 Madrid, Spain",2.0,piano bar,plan,culture,28005,40.412346,-3.7106608,"{'type': 'Point', 'coordinates': [40.412346, -3.7106608]}",15-25€
291,Sideral,4.2,"Calle de San Joaquín, 9, 28004 Madrid, Spain",1.0,piano bar,plan,culture,28004,40.4243271,-3.7016106,"{'type': 'Point', 'coordinates': [40.4243271, -3.7016106]}",1-15€
292,Copazos,0.0,"Calle de Lavapiés, 14, 24, 28012 Madrid, Spain",1.0,piano bar,plan,culture,28012,40.4111743,-3.7027729,"{'type': 'Point', 'coordinates': [40.4111743, -3.7027729]}",1-15€
293,Pub Single,4.2,"Calle del Tutor, 57, 28008 Madrid, Spain",1.0,piano bar,plan,culture,28008,40.4318978,-3.7188184,"{'type': 'Point', 'coordinates': [40.4318978, -3.7188184]}",1-15€
294,Piano Bar,4.3,"Calle de la Constitución, 96, 28100 Alcobendas, Madrid, Spain",1.0,piano bar,plan,culture,28100,40.5455384,-3.6424628,"{'type': 'Point', 'coordinates': [40.5455384, -3.6424628]}",1-15€
295,Terraza Collins,4.4,"3, Calle de Caños Viejos, 28005 Madrid, Spain",2.0,piano bar,plan,culture,28005,40.413366,-3.71322,"{'type': 'Point', 'coordinates': [40.413366, -3.71322]}",15-25€
296,Moe's,4.1,"locales 13, 14, C. de Andrés Mellado, 33, 28015 Madrid, Spain",1.0,piano bar,plan,culture,28015,40.4337664,-3.71512,"{'type': 'Point', 'coordinates': [40.4337664, -3.71512]}",1-15€
297,Bar De NELLA,4.4,"Calle Vázquez de Mella, 18, 20, 28017 Madrid, Spain",1.0,piano bar,plan,culture,28017,40.4343997,-3.6393359,"{'type': 'Point', 'coordinates': [40.4343997, -3.6393359]}",1-15€
298,Karaoke Nabucco,3.7,"Calle de Alcalá, 259, 28027 Madrid, Spain",2.0,piano bar,plan,culture,28027,40.4318863,-3.6579455,"{'type': 'Point', 'coordinates': [40.4318863, -3.6579455]}",15-25€
299,Bar Mana,3.6,"Calle de Maldonado, 55, 28006 Madrid, Spain",1.0,piano bar,plan,culture,28006,40.43375899999999,-3.6785937,"{'type': 'Point', 'coordinates': [40.43375899999999, -3.6785937]}",1-15€
300,Before Madrid,4.5,"Calle de Alcántara, 64, 28006 Madrid, Spain",1.0,piano bar,plan,culture,28006,40.4315289,-3.6734388,"{'type': 'Point', 'coordinates': [40.4315289, -3.6734388]}",1-15€
